name,defaultdata,columns
molecule,,"pdbid TEXT, record TEXT, serial INT, name TEXT, altLoc TEXT, resName TEXT, chainID TEXT, resSeq INT, iCode TEXT, x REAL, y REAL, z REAL, occupancy REAL, tempFactor REAL, element TEXT, charge REAL, comment TEXT, PRIMARY KEY (pdbid, record, serial)"
connect,,"pdbid TEXT, serial INT, serialcon INT"
residues,,"pdbid TEXT, resSeq INT, class TEXT"
periodtable,periodtable.csv,"element TEXT, symbol TEXT, period TEXT, agroup INTEGER, block TEXT, number INTEGER,weight REAL, covRadius REAL, vdWRadius REAL"
aminoacids,aminoacids.csv,"longname TEXT PRIMARY KEY, triname TEXT, letter TEXT"
atomnames,atomname.csv,"aa TEXT, bmrb TEXT, sc TEXT, pdb TEXT, ucsf TEXT, msi TEXT, xplor TEXT, sybyl TEXT, midas TEXT, diana TEXT"
contacts,contact.csv,"A TEXT, B TEXT, e REAL, ep REAL"
equivalents,equivalents.csv,"atom TEXT, aa TEXT, class TEXT"
potentials,potential.csv,"symbol TEXT, A REAL, B REAL"
tinkerambertypes,tinkerambertypes.csv,"class INT, symbol TEXT"
ffbiotype,,"biotypeid INT, name TEXT, description TEXT, atomid INT"
ffresidues,,"description TEXT, class TEXT"
ffatom,,"atomid INT, classid INT, name TEXT, description TEXT, number INT, weight REAL, ligand INT"
ffvdw,,"classid INT, radix REAL, epsilon REAL, reduct REAL"
ffbond,,"atomAid INT, atomBid INT, const REAL, lenght REAL"
ffangle,,"atomAid INT, atomBid INT, atomCid INT, const REAL, ang1 REAL, ang2 REAL, ang3 REAL"
ffimptors,,"atomAid INT, atomBid INT, atomCid INT, atomDid INT, fold INT, amplitude REAL, phase REAL"
fftorsion,,"atomAid INT, atomBid INT, atomCid INT, atomDid INT, fold INT, amplitude REAL, phase REAL"
ffcharge,,"atomid INT, charge REAL"
tinkerbiocorrection,tinkerbiocorrection.csv,"residue TEXT, atom TEXT, replace TEXT"
